Date,Credit Customers Name,Fs/No,Att.No,Product Ty,Qty,Unit Price,Sub Total,Vat 15%,Grand Total,Withhold,Net Pay,Bank
03/08/2026,Netsanet Asefa,2865,8467,3-EL,40,33000,1320000,198000,1518000,,1518000,A.I.B/A.B/C.B.E
04/08/2026,MaxFlow Manufacturing PLC,2866,8468,ETL-9,15,24000,360000,54000,414000,10800,403200,A.I.B/A.B/C.B.E
05/08/2026,MaxFlow Manufacturing PLC,2869,8469,ETL-9,15,24000,360000,54000,414000,10800,403200,
06/08/2026,MaxFlow Manufacturing PLC,2872,8470,ETL-9,15,24000,360000,54000,414000,10800,403200,A.I.B/A.B/C.B.E
06/08/2026,Gidabo Soap,2874,8471,3-EL,7,33000,231000,34650,265650,,265650,N.I.B
06/08/2026,Gidabo Soap,2875,8472,3-EL,7,33000,231000,34650,265650,,265650,A.I.B/A.B/C.B.E
06/08/2026,Gidabo Soap,2876,8473,3-EL,7,33000,231000,34650,265650,,265650,N.I.B
06/08/2026,Gidabo Soap,2877,8474,3-EL,7,33000,231000,34650,265650,,265650,A.I.B/A.B/C.B.E
06/08/2026,MaxFlow Manufacturing PLC,2878,8475,ETL-9,5,24000,120000,18000,138000,3600,134400,A.I.B
06/08/2026,MaxFlow Manufacturing PLC,2879,8476,ETL-9,5,24000,120000,18000,138000,3600,134400,A.I.B/A.B/C.B.E
06/08/2026,MaxFlow Manufacturing PLC,2883,8477,ETL-9,20,24000,480000,72000,552000,14400,537600,N.I.B
06/08/2026,MaxFlow Manufacturing PLC,2884,8478,ETL-9,15,24000,360000,54000,414000,10800,403200,N.I.B
11/08/2026,Harmeny Paint and Chemicals,2905,8479,ETL-15,5,27000,135000,20250,155250,4050,151200,C.B.E
21/08/2026,Netsanet Asefa,2963,8480,3-EL,40,28000,1120000,168000,1288000,,1288000,A.I.B/A.B/C.B.E
21/08/2026,Netsanet Asefa,2964,8481,3-EL,40,28000,1120000,168000,1288000,,1288000,
24/08/2026,Maruti Plastic Industry,2979,8482,2-E,5,30000,150000,22500,172500,4500,168000,A.I.B/A.B/C.B.E
25/08/2026,Wale Worknhe,2982,8484,EC-90,5,14000,70000,10500,80500,,80500,
25/08/2026,Maruti Plastic Industry,2984,8485,2-EL,5,30000,150000,22500,172500,4500,168000,
26/08/2026,Maruti Plastic Industry,2994,8486,2-EL,90,30000,2700000,405000,3105000,81000,3024000,
29/08/2026,Wale Worknhe,3013,8487,5-EL,5,28000,140000,21000,161000,,161000,
31/08/2026,Gidabo Soap,3018,8488,3-EL,40,28000,1120000,168000,1288000,,1288000,
31/08/2026,Gidabo Soap,3019,8489,3-EL,40,28000,1120000,168000,1288000,,1288000,
,Total,,,,433,,12229000,1834350,14063350,158850,13904500,
