Date,Customers Name,Fs No,Att.No,Product Ty,Qty,Unit Price,Sub Total,Vat 15%,Grand Total,Withhold,Net Pay,Deposited Bank
01/07/2026,Mural Paint and Chemicals,2641,14633,3-EL,5,35000,175000,26250,201250,5250,196000,C.B.O
01/07/2026,Shikur Jemal,2642,14634,ETL-9,5,24000,120000,18000,138000,,138000,C.B.E
01/07/2026,Simintech Chemicals,2644,14635,ETL-15,7,30000,210000,31500,241500,6300,235200,C.B.E
02/07/2026,Widad Dawit Kassa,2646,14636,3-EL,1.15,33000,37950,5692.5,43642.5,,43642.5,C.B.E
02/07/2026,Amen Detergent,2647,14637,ETL-9,5,24000,120000,18000,138000,,138000,C.B.E
02/07/2026,Ling Ying,2648,14638,ETL-9,10,24000,240000,36000,276000,,276000,D.B
02/07/2026,Metid Debebe Teju,2649,14639,ETL-6,3,32000,96000,14400,110400,,110400,C.B.E
02/07/2026,Mehapel General Business,2650,14640,ETL-9,5,24000,120000,18000,138000,,138000,C.B.E
02/07/2026,Mehapel General Business,2651,14641,ETL-9,5,24000,120000,18000,138000,,138000,C.B.E
02/07/2026,Mela Soap and detergent,2652,14642,ETL-9,5,24000,120000,18000,138000,,138000,H.B
02/07/2026,Mela Soap and detergent,2653,14643,ETL-9,5,24000,120000,18000,138000,,138000,H.B
02/07/2026,Mulugeta and Frends,2654,14644,ETL-9,5.52,24000,132480,19872,152352,,152352,C.B.E
02/07/2026,Mulugeta and Frends,2654,14644,ETL-9,5.48,24000,131520,19728,151248,,151248,C.B.E
02/07/2026,Yasmin and Bekri,2656,14646,ETL-9,7,24000,168000,25200,193200,,193200,A.I.B
02/07/2026,Merjan Amedin PMM,2657,14647,3-EL,7,33000,231000,34650,265650,,265650,C.B.E
03/07/2026,Mela Soap and detergent,2658,14648,ETL-9,5,24000,120000,18000,138000,,138000,C.B.E
03/07/2026,Mela Soap and detergent,2658,14649,ETL-9,5,24000,120000,18000,138000,,138000,C.B.E
03/07/2026,Widad Dawit Kassa,2660,14650,3-EL,1.15,33000,37950,5692.5,43642.5,,43642.5,C.B.E
03/07/2026,Star Chemicals,2665,14651,2-EL,0.5,35000,17500,2625,20125,525,19600,Tele Birr
,,,,3-EL,0.5,33000,16500,2475,18975,495,18480,Tele Birr
04/07/2026,Mela Soap & Detergent,2662,14652,ETL-9,5,24000,120000,18000,138000,,138000,A.I.B
04/07/2026,Mela Soap and detergent,2663,14653,ETL-9,5,24000,120000,18000,138000,,138000,A.I.B
04/07/2026,Mela Soap and detergent,2664,14654,ETL-9,5,24000,120000,18000,138000,,138000,A.I.B
04/07/2026,Mela Soap and detergent,2665,14655,ETL-9,5,24000,120000,18000,138000,,138000,A.I.B
04/07/2026,Ethio Arada Trading,2666,14656,5-EL,3,32000,96000,14400,110400,,110400,C.B.E
04/07/2026,Ling Ying,2667,14657,ETL-9,20,24000,480000,72000,552000,,552000,C.B.E
04/07/2026,Master Paint Production,2668,14658,3-EL,5,33000,165000,24750,189750,,189750,C.B.E
04/07/2026,Azeb Zegaye,2669,14659,ETL-9,1.12,24000,26880,4032,30912,,30912,C.B.E
04/07/2026,Juhar Yasin Adam,2670,14660,ETL-6,5,32000,160000,24000,184000,,184000,A.I.B
06/07/2026,Supureme industry PLC,2671,14661,2-EL,100,34000,3400000,510000,3910000,102000,3808000,C.B.E
06/07/2026,Solomon Badie,2672,14662,ETL-9,5,24000,120000,18000,138000,,138000,C.B.E
06/07/2026,Be Awash Manufacturing,2673,14663,3-EL,5,33000,165000,24750,189750,4950,184800,C.B.E
06/07/2026,Mela Soap and detergent,2675,14664,ETL-9,5,24000,120000,18000,138000,,138000,C.B.E
06/07/2026,Mela Soap and detergent,2675,14664,ETL-9,5,24000,120000,18000,138000,,138000,C.B.E
06/07/2026,Maruti Plastic Industry,2677,14666,2-EL,100,34000,3400000,510000,3910000,102000,3808000,C.B.E
06/07/2026,Lubaba Mohammed,2678,14667,3-EL,1.3,33000,42900,6435,49335,,49335,A.I.B
07/07/2026,Firehiwot Abenzer,2679,14668,ETL-9,5.52,24000,132480,19872,152352,,152352,C.B.E
07/07/2026,Mela Soap & Detergent,2680,14669,ETL-9,5,24000,120000,18000,138000,,138000,H.B
07/07/2026,Mela Soap & Detergent,2681,14670,ETL-9,5,24000,120000,18000,138000,,138000,H.B
07/07/2026,Meam Soap,2682,14671,3-EL,3,33000,99000,14850,113850,,113850,A.I.B
07/07/2026,Gidabo Soap,2683,14672,3-EL,7,33000,231000,34650,265650,,265650,A.I.B
07/07/2026,Gidabo Soap,2684,14673,3-EL,7,33000,231000,34650,265650,,265650,A.I.B
07/07/2026,D.D Chemicals,2685,14674,ETL-9,7.5,24000,180000,27000,207000,,207000,C.B.E
07/07/2026,Gidabo Soap,2686,14675,3-EL,7,33000,231000,34650,265650,,265650,A.I.B
07/07/2026,Smerat Tekle,2687,14676,5-EL,0.5,32000,16000,2400,18400,,18400,C.B.E
07/07/2026,DD Chemicals,2688,14677,ETL-9,0.02,24000,480,72,552,,552,C.B.E
07/07/2026,Gidabo Soap,2689,14678,3-EL,7,33000,231000,34650,265650,,265650,A.I.B
07/07/2026,Gidabo Soap,2690,14679,3-EL,7,33000,231000,34650,265650,,265650,A.I.B
07/07/2026,Gidabo Soap,2691,14680,3-EL,7,33000,231000,34650,265650,,265650,A.I.B
07/07/2026,Gidabo Soap,2692,14681,3-EL,7,33000,231000,34650,265650,,265650,A.I.B
07/07/2026,Gidabo Soap,2693,14682,3-EL,7,33000,231000,34650,265650,,265650,A.I.B
07/07/2026,Gidabo Soap,2694,14683,3-EL,7,33000,231000,34650,265650,,265650,A.I.B
07/07/2026,Gidabo Soap,2695,14684,3-EL,7,33000,231000,34650,265650,,265650,A.I.B
07/07/2026,Gidabo Soap,2696,14685,3-EL,7,33000,231000,34650,265650,,265650,A.I.B
07/07/2026,Gidabo Soap,2697,14686,3-EL,7,33000,231000,34650,265650,,265650,C.B.E& A.I.B
07/07/2026,Gidabo Soap,2698,14687,3-EL,7,33000,231000,34650,265650,,265650,C.B.E
07/07/2026,Gidabo Soap,2699,14688,3-EL,7,33000,231000,34650,265650,,265650,C.B.E
07/07/2026,Gidabo Soap,2700,14689,3-EL,7,33000,231000,34650,265650,,265650,C.B.E
08/07/2026,Mela Soap and detergent,2701,14690,ETL-9,5,24000,120000,18000,138000,,138000,C.B.E
08/07/2026,Mela Soap and detergent,2702,14691,ETL-9,5,24000,120000,18000,138000,,138000,C.B.E
08/07/2026,Mela Soap and detergent,2703,14692,ETL-9,5,24000,120000,18000,138000,,138000,C.B.E
08/07/2026,Nice Soap and Detergent,2704,14693,ETL-9,2,24000,48000,7200,55200,,55200,A.I.B
08/07/2026,Simintech Chemicals,2706,14694,ETL-15,10,30000,300000,45000,345000,9000,336000,C.B.E
09/07/2026,Mehaple General Business,2707,14695,ETL-9,5,24000,120000,18000,138000,,138000,C.B.E
09/07/2026,Solomon Badie,2708,14696,ETL-9,5,24000,120000,18000,138000,,138000,C.B.E
09/07/2026,Betelheme Tigabu,2709,14697,ETL-9,4,24000,96000,14400,110400,,110400,C.B.E
,,,,EC-90,2,18000,36000,5400,41400,,41400,C.B.E
09/07/2026,Biruk Sew,2710,14698,2-EL,0.5,35000,17500,2625,20125,,20125,Tele Birr
09/07/2026,Yeron Muhe Yimer,2711,14699,ETL-15,7,30000,210000,31500,241500,,241500,C.B.E
10/07/2026,Mela Soap and detergent,2713,14700,ETL-9,5,24000,120000,18000,138000,,138000,C.B.E
10/07/2026,Mela Soap and detergent,2714,14701,ETL-9,5,24000,120000,18000,138000,,138000,C.B.E
10/07/2026,M-Ajax and Soap,2715,14702,ETL-9,6,24000,144000,21600,165600,,165600,A.I.B
10/07/2026,Simintech Chemicals,2716,14703,ETL-15,10,30000,300000,45000,345000,9000,336000,A.I.B
11/07/2026,Ling Ying,2717,14704,ETL-9,20,24000,480000,72000,552000,,552000,D.B
11/07/2026,Mesfine Shewa,2718,14705,EC-90,5,18000,90000,13500,103500,,103500,A.B/Dukem
11/07/2026,Milano Chemicals,2719,14706,ETL-15,6,35000,210000,31500,241500,6300,235200,C.B.E
11/07/2026,Milano Chemicals,2720,14707,ETL-15,7,35000,245000,36750,281750,7350,274400,"C.B,E"
11/07/2026,Best Firest glass,2721,14708,2-EL,0.52,35000,18200,2730,20930,,20930,"C.B,E"
,,,,3-EL,0.5,33000,16500,2475,18975,,18975,"C.B,E"
11/07/2026,Milano Chemicals,2722,14709,ETL-15,6,35000,210000,31500,241500,6300,235200,C.B.E
11/07/2026,Mela Soap and detergent,2723,14710,ETL-9,5,24000,120000,18000,138000,,138000,C.B.O
11/07/2026,Milano Chemicals,2724,14711,ETL-15,6,35000,210000,31500,241500,6300,235200,C.B.E
11/07/2026,Selmawit and Berket,2725,14712,ETL-9,4,24000,96000,14400,110400,,110400,C.B.E
,,,,EC-90,1,18000,18000,2700,20700,,20700,C.B.E
11/07/2026,Huzeyfo Ferdu,2726,14713,ETL-9,0.52,24000,12480,1872,14352,,14352,C.B.E
,,,,Talck,0.5,30000,15000,2250,17250,,17250,C.B.E
11/07/2026,Simentach Chemicals,2727,14714,ETL-15,10,30000,300000,45000,345000,9000,336000,C.B.E
11/07/2026,Mela Soap & Detergent,2728,14715,ETL-9,5,24000,120000,18000,138000,,138000,C.B.O& H.B
11/07/2026,Milano Chemicals,2729,14716,ETL-15,5,35000,175000,26250,201250,5250,196000,C.B.E
11/07/2026,Azeb Zegaye,2730,14717,ETL-9,2,24000,48000,7200,55200,,55200,C.B.E
11/07/2026,Mela Soap & Detergent,2731,14718,ETL-9,5,24000,120000,18000,138000,,138000,H.B
13/07/2026,Mela Soap and detergent,2732,14719,ETL-9,5,24000,120000,18000,138000,,138000,H.B
13/07/2026,MZ Manufacturing,2733,14720,EC-90,5,18000,90000,13500,103500,,103500,C.B.E
13/07/2026,Ling Ying,2734,14721,ETL-9,5,25000,125000,18750,143750,,143750,C.B.E
13/07/2026,Last Lap PLC,2335,14722,ETL-9,3.32,24000,79680,11952,91632,,91632,C.B.E
,,,,EC-90,1.68,18000,30240,4536,34776,,34776,C.B.E
13/07/2026,Mulugeta and Frends,2736,14723,ETL-9,5.5,24000,132000,19800,151800,,151800,C.B.E
13/07/2026,Amen Detergent,2737,14724,ETL-9,5,24000,120000,18000,138000,,138000,C.B.E
13/07/2026,Mela Soap and detergent,2738,14725,ETL-9,5,24000,120000,18000,138000,,138000,C.B.E
13/07/2026,Mela Soap and detergent,2739,14726,ETL-9,5,24000,120000,18000,138000,,138000,C.B.E
14/07/2026,Mulugeta and Frends,2740,14727,ETL-9,5.5,24000,132000,19800,151800,,151800,C.B.E
14/07/2026,Mela Soap and detergent,2741,14727,ETL-9,5,24000,120000,18000,138000,,138000,C.B.E
14/07/2026,Mela Soap and detergent,2742,14729,ETL-9,5,24000,120000,18000,138000,,138000,C.B.E
14/07/2026,Tsewy Soap and Detergent,2743,14730,5-EL,5,32000,160000,24000,184000,,184000,C.B.E
14/07/2026,Widad Dawit Kassa,2744,14731,3-EL,1.15,33000,37950,5692.5,43642.5,,43642.5,C.B.E
15/07/2026,Abubkre Kali,2745,14733,ETL-9,3,24000,72000,10800,82800,,82800,C.B.E
,,,,EC-90,2,18000,36000,5400,41400,,41400,C.B.E
15/07/2026,Tigest Fentaw,2746,14734,EC-90,6,18000,108000,16200,124200,,124200,C.B.E
16/07/2026,Mela Soap and detergent,2748,14735,ETL-9,5,24000,120000,18000,138000,,138000,C.B.E
16/07/2026,Mela Soap and detergent,2749,14736,ETL-9,5,24000,120000,18000,138000,,138000,C.B.E
16/07/2026,LEILA DRY & LIQUID SOAP MFG & DISTR,2750,14737,ETL-9,1.5,24000,36000,5400,41400,,41400,C.B.E
16/07/2026,Merjan Amedin PMM,2751,14738,3-EL,7,33000,231000,34650,265650,,265650,C.B.E
16/07/2026,Widad Dawit Kassa,2752,14739,3-EL,1.15,33000,37950,5692.5,43642.5,,43642.5,C.B.E
17/07/2026,Mela Soap and detergent,2753,14740,ETL-9,5,24000,120000,18000,138000,,138000,C.B.E
17/07/2026,Mela Soap and detergent,2754,14741,ETL-9,5,24000,120000,18000,138000,,138000,C.B.E
17/07/2026,Mela Soap and detergent,2755,14742,ETL-9,5,24000,120000,18000,138000,,138000,C.B.E
17/07/2026,Mela Soap and detergent,2756,14743,ETL-9,5,24000,120000,18000,138000,,138000,C.B.E
17/07/2026,Solomon Badie,2757,14744,ETL-9,5,24000,120000,18000,138000,,138000,C.B.E
17/07/2026,E-D-E Global Food Complx,2758,14745,Talck,10,30000,300000,45000,345000,9000,336000,C.B.E
17/07/2026,Star Chemicals,2759,14746,2-EL,0.5,35000,17500,2625,20125,525,19600,C.B.E
,,,,3-EL,0.5,33000,16500,2475,18975,495,18480,C.B.E
,,,,5-EL,0.5,32000,16000,2400,18400,480,17920,C.B.E
18/07/2026,END Global Food Complex,2760,14747,5-EL,10,32000,320000,48000,368000,9600,358400,C.B.O &C.B.E A.I.B
18/07/2026,Ling Ying,2761,14748,ETL-9,10,24000,240000,36000,276000,,276000,A.I.B
18/07/2026,Family Manufacturing,2762,14749,5-EL,5,32000,160000,24000,184000,2880,181120,C.B.E
18/07/2026,Widad Dawit Kassa,2765,14752,3-EL,1.15,33000,37950,5692.5,43642.5,,43642.5,C.B.E
18/07/2026,Mela Soap and detergent,2763,14750,ETL-9,5,24000,120000,18000,138000,,138000,C.B.E
18/07/2026,Mela Soap and detergent,2764,14751,ETL-9,5,24000,120000,18000,138000,,138000,C.B.E
20/07/2026,Nice Soap and Detergent,2766,14753,ETL-9,2,24000,48000,7200,55200,,55200,C.B.E
20/07/2026,Betelheme Tigabu,2767,14754,ETL-9,4,24000,96000,14400,110400,,110400,C.B.E&A.B/D
,,,,EC-90,2,18000,36000,5400,41400,,41400,C.B.E&A.B/D
20/07/2026,Mehapil General Business,2768,14755,ETL-9,6.5,24000,156000,23400,179400,,179400,C.B.E
,,,,EC-90,3.5,18000,63000,9450,72450,,72450,C.B.E
20/07/2026,Kefyalw Wederyalsh and Friends,2769,14756,ETL-9,6,24000,144000,21600,165600,,165600,C.B.E
20/07/2026,Mela Soap and detergent,2770,14757,ETL-9,5,24000,120000,18000,138000,,138000,H.B
20/07/2026,Mela Soap and detergent,2771,14758,ETL-9,5,24000,120000,18000,138000,,138000,H.B
20/07/2026,Juhar Yasin Adam,2772,14759,ETL-6,2.68,32000,85760,12864,98624,,98624,D.B
20/07/2026,Ling Ying,2773,14760,ETL-9,10,24000,240000,36000,276000,,276000,C.B.E
20/07/2026,Tilahun Minda,2774,14761,EC-90,3,18000,54000,8100,62100,,62100,C.B.E
20/07/2026,Fam Solution PLC,2775,14762,5-EL,1,32000,32000,4800,36800,,36800,D.B
21/07/2026,Solomon Badie,2776,14763,ETL-9,5,24000,120000,18000,138000,,138000,C.B.E
21/07/2026,Mela Soap & Detergent,2778,14764,ETL-9,5,24000,120000,18000,138000,,138000,A.I.B
21/07/2026,Mela Soap & Detergent,2779,14765,ETL-9,5,24000,120000,18000,138000,,138000,A.I.B
21/07/2026,Ling Ying,2780,14767,ETL-9,20,24000,480000,72000,552000,,552000,A.B/Dukem
21/07/2026,Birhanu Beyene,2781,14768,ETL-9,4,24000,96000,14400,110400,,110400,C.B.E &A.I.B
,,,,EC-90,1,18000,18000,2700,20700,,20700,C.B.E &A.I.B
21/07/2026,Tigst and Tewdrose,2782,14769,ETL-9,6,24000,144000,21600,165600,,165600,C.B.E
21/07/2026,Simentach Chemicals,2783,14770,ETL-15,10,30000,300000,45000,345000,9000,336000,C.B.E
22/07/2026,Henok Tigest and friends,2784,14771,ETL-9,0.6,24000,14400,2160,16560,,16560,Tele Birr
22/07/2026,Betelheme Tigabu,2785,14772,ETL-9,4,24000,96000,14400,110400,,110400,C.B.E
,,,,EC-90,2,18000,36000,5400,41400,,41400,C.B.E
22/07/2026,Mela Soap & Detergent,2786,14773,ETL-9,5,24000,120000,18000,138000,,138000,C.B.E
22/07/2026,Mela Soap & Detergent,2787,14774,ETL-9,5,24000,120000,18000,138000,,138000,C.B.E
22/07/2026,Mercymoy Industry PLC,2788,14775,2-EL,5,35000,175000,26250,201250,5250,196000,C.B.E
23/07/2026,Kadisco Paint and Ademinstration industry,2789,14776,ETL-9,5,24000,120000,18000,138000,3600,134400,C.B.E
23/07/2026,Dejene Kassye,2790,14777,ETL-15,5,30000,150000,22500,172500,,172500,C.B.E
23/07/2026,Mela Soap and detergent,2791,14778,ETL-9,5,24000,120000,18000,138000,,138000,C.B.E
23/07/2026,Mela Soap and detergent,2792,14779,ETL-9,5,24000,120000,18000,138000,,138000,C.B.E
23/07/2026,Yasmin and Bekri,2793,14780,ETL-9,6,24000,144000,21600,165600,,165600,C.B.E
,,,,EC-90,1,18000,18000,2700,20700,,20700,C.B.E
23/07/2026,Muluget and Friends,2794,14781,ETL-9,5.48,24000,131520,19728,151248,,151248,C.B.E
23/07/2026,Muluget and Friends,2795,14782,ETL-9,5.52,24000,132480,19872,152352,,152352,C.B.E
23/07/2026,Dareje Amare & Frends,2796,14783,ETL-9,2.5,24000,60000,9000,69000,,69000,C.B.E
23/07/2026,Widad Dawit Kassa,2797,14784,3-EL,1.15,33000,37950,5692.5,43642.5,,43642.5,C.B.E
23/07/2026,Sefiya Shawfa,2798,14785,ETL-9,3,24000,72000,10800,82800,,82800,A.I.B
23/07/2026,Simintech Chemicals,2799,14786,ETL-15,10,30000,300000,45000,345000,9000,336000,C.B.E
23/07/2026,Mercymoy Industry PLC,2800,14787,2-EL,5,35000,175000,26250,201250,5250,196000,C.B.E
23/07/2026,Yasmin and Bekri,2801,14788,ETL-9,0.52,24000,12480,1872,14352,,14352,A.I.B
24/07/2026,Kadisco Paint and Ademinstration industry,2802,14789,ETL-9,5,24000,120000,18000,138000,3600,134400,C.B.E
24/07/2026,Mela Soap & Detergent,2803,14790,ETL-9,5,24000,120000,18000,138000,3600,134400,A.B/Dukem
24/07/2026,Mela Soap and detergent,2804,14791,ETL-9,5,24000,120000,18000,138000,3600,134400,A.B/Dukem
24/07/2026,Mela Soap and detergent,2805,14792,ETL-9,5,24000,120000,18000,138000,3600,134400,A.B/Dukem
24/07/2026,Mesfine Shewa,2806,14798,EC-90,5,18000,90000,13500,103500,,103500,C.B.E
24/07/2026,Family Manufacturing,2807,14794,5-EL,5,32000,160000,24000,184000,4800,179200,C.B.E
24/07/2026,Kadisco Paint and Ademinstration industry,2808,14795,ETL-9,5,24000,120000,18000,138000,3600,134400,C.B.E
24/07/2026,Simentach Chemicals,2809,14796,ETL-15,10,30000,300000,45000,345000,9000,336000,C.B.E
24/07/2026,DD Chemicals,2810,14797,ETL-9,7,24000,168000,25200,193200,,193200,C.B.E
25/07/2026,Kadisco Paint and Ademinstration industry,2811,14796,ETL-9,5,24000,120000,18000,138000,3600,134400,C.B.E
25/07/2026,Mela Soap & Detergent,2812,14799,ETL-9,5,24000,120000,18000,138000,3600,134400,A.B/Dukem
25/07/2026,Mela Soap & Detergent,2813,14800,ETL-9,5,24000,120000,18000,138000,3600,134400,A.B/Dukem& A.I.B
25/07/2026,Mela soap Detergent,2814,14801,ETL-9,5,24000,120000,18000,138000,3600,134400,A.I.B
25/07/2026,CCC Industries,2815,14802,5-EL,5,32000,160000,24000,184000,4800,179200,C.B.E
25/07/2026,Amen Detergent,2816,14803,ETL-9,5,24000,120000,18000,138000,,138000,C.B.E
27/07/2026,Deeba Paint Manufacturing PLC,2817,14804,2-EL,5,35000,175000,26250,201250,5250,196000,C.B.E
27/07/2026,Mehapil General Business,2818,14805,ETL-9,5,24000,120000,18000,138000,,138000,C.B.E
27/07/2026,Abubkre Kali,2819,14806,ETL-9,3,24000,72000,10800,82800,,82800,C.B.E
,,,,EC-90,2,18000,36000,5400,41400,,41400,C.B.E
27/07/2026,Beawash Manufacturing PLC,2820,14807,3-EL,5,33000,165000,24750,189750,4950,184800,C.B.E
27/07/2026,Biruk Sew,2821,14808,2-EL,0.8,35000,28000,4200,32200,,32200,C.B.E
27/07/2026,Betelheme Tigabu,2822,14809,ETL-9,4.4,24000,105600,15840,121440,,121440,C.B.E
,,,,EC-90,1.6,18000,28800,4320,33120,,33120,C.B.E
27/07/2026,Eyobe Tekeste,2823,14810,2-EL,2,35000,70000,10500,80500,,80500,C.B.E
28/07/2026,Shikur Jemal and Friends,2825,14812,ETL-9,5,24000,120000,18000,138000,,138000,C.B.E
28/07/2026,Mela Soap and detergent,2826,14813,ETL-9,5,24000,120000,18000,138000,3600,134400,C.B.E
28/07/2026,Mela Soap and detergent,2827,14814,ETL-9,5,24000,120000,18000,138000,3600,134400,C.B.E
28/07/2026,Mela Soap and detergent,2828,14815,ETL-9,5,24000,120000,18000,138000,3600,134400,C.B.E
28/07/2026,Mela Soap and detergent,2829,14816,ETL-9,5,24000,120000,18000,138000,3600,134400,C.B.E
28/07/2026,Rahele Tegagne,2830,14817,ETL-9,5,24000,120000,18000,138000,3600,134400,C.B.E
29/07/2026,Josam Constraction,2831,14818,ETL-9,4,24000,96000,14400,110400,,110400,C.B.E
,,,,2-EL,0.5,35000,17500,2625,20125,,20125,C.B.E
,,,,3-EL,0.5,33000,16500,2475,18975,,18975,C.B.E
29/07/2026,Mulugeta and Friends,2833,14819,ETL-9,5,24000,120000,18000,138000,,138000,C.B.E
29/07/2026,Mulugeta and Friends,2834,14820,ETL-9,5,24000,120000,18000,138000,,138000,C.B.E
29/07/2026,Mulugeta and Friends,2835,14821,ETL-9,5,24000,120000,18000,138000,,138000,C.B.E
29/07/2026,Redela Nesri,2836,14822,5-EL,5,32000,160000,24000,184000,,184000,C.B.E
29/07/2026,Getachew Alemu,2837,14823,EC-90,0.52,18000,9360,1404,10764,,10764,C.B.E
29/07/2026,Widad Dawit Kassa,2838,14824,3-EL,1.15,33000,37950,5692.5,43642.5,,43642.5,C.B.E
30/07/2026,MZ Manufacturing,2839,14825,EC-90,5,18000,90000,13500,103500,,103500,A.B/Dukem
30/07/2026,Yerosa Mohammed,2840,14826,EC-15,1.5,18000,27000,4050,31050,,31050,C.B.E
,,,,ETL-9,8.5,24000,204000,30600,234600,,234600,C.B.E
30/07/2026,Milano Chemicals,2842,14827,3-EL,5,40000,200000,30000,230000,6000,224000,C.B.E
30/07/2026,BE A wash Manufacturing,2814,14828,3-EL,5,33000,165000,24750,189750,4950,184800,A.I.B
30/07/2026,Milano Chemicals,2847,14829,3-EL,6,40000,240000,36000,276000,7200,268800,C.B.E
30/07/2026,Milano Chemicals,2848,14830,3-EL,7,40000,280000,42000,322000,8400,313600,C.B.E
30/07/2026,Juune Yasin ADEM,2849,14831,ETL-6,2.52,32000,80640,12096,92736,,92736,C.B.E
31/07/2026,Supureme industry PLC,2850,14832,2-EL,80,34000,2720000,408000,3128000,81600,3046400,C.B.E
31/07/2026,Maruti Plastic Industry,2851,14833,2-EL,80,34000,2720000,408000,3128000,81600,3046400,C.B.E
31/07/2026,Milano Chemicals,2852,14834,3-EL,6,40000,240000,36000,276000,7200,268800,C.B.E
31/07/2026,Milano Chemicals,2853,14835,3-EL,6,40000,240000,36000,276000,7200,268800,C.B.E
31/07/2026,Maxflow Manufacturing,2855,14836,ETL-9,3.2,24000,76800,11520,88320,,88320,C.B.E
,,,,EC-90,1.8,18000,32400,4860,37260,,37260,C.B.E
31/07/2026,Tana Manufacturing,2856,14837,2-EL,1,35000,35000,5250,40250,,40250,C.B.E
Total,,,,,1405.69,,40468230,6070234.5,46538464.5,618450,45920014.5,0
