Date,Customer,Fs No,Att.No,Product,Qty,Unit Price,Sub Total,VAT 15%,Grand Total,Withhold,Net Pay,Deposited Bank
10/9/2026,MC-Chemical Manu.factory,3069,8490,ETL-9,10,20000,200000,30000,230000,6000,224000,
14/09/2026,MC-Chemical Manu.factory,3073,8491,ETL-9,5,20000,100000,15000,115000,3000,112000,
15/09/2026,MC-Chemical Manu.factory,3079,8492,ETL-9,5,20000,100000,15000,115000,3000,112000,
17/09/2026,MC-Chemical Manu.factory,3091,8493,ETL-9,10,20000,200000,30000,230000,6000,224000,
21/09/2026,MC-Chemical Manu.factory,3107,8494,ETL-9,10,20000,200000,30000,230000,6000,224000,C.B.E
22/9/2026,Netsanet asefa,3113,8495,3-EL,40,28000,1120000,168000,1288000,,1288000,
22/9/2026,Netsanet asefa,3115,8496,3-EL,18.5,28000,518000,77700,595700,,595700,
24/9/2026,Wale workneh,3123,8497,EC-90,5,14000,70000,10500,80500,2100,78400,
24/9/2026,MC-Chemical Manu.factory,3127,8498,ETL-9,10,20000,200000,30000,230000,6000,224000,
29/9/2026,Solomon yishak,3151,8499,2-EL,100,28000,2800000,420000,3220000,,3220000,N.I.B
30/09/2026,Solomon yishak,3155,8500,2-EL,100,28000,2800000,420000,3220000,,3220000,
,TOTAL,,,,313.5,,8308000,1246200,9554200,32100,9522100,
