Items,U.M,Amount,U.Price,Total,Rff,Remark
Led 18W,pcs,2,650,1300,8553,w/Sho
Lamp,pcs,4,653,2612,8553,w/Sho
Lamp holder,pcs,3,61,183,8553,w/Sho
Electric cable #2.5,Roll,1,10435,10435,8553,w/Sho
On Off swich,pcs,4,218,872,8553,w/Sho
conduet,pcs,13,200,2600,8553,w/Sho
Contactor 50A,pcs,1,6200,6200,8554,techni
Breaker 3 pha 10A,pcs,1,2400,2400,8554,techni
Limite swich,pcs,1,4000,4000,8554,techni
silcone sealant,pcs,1,1130,1130,8554,techni
China electrod #3.2,pak,4,2400,9600,8555,techni
cutting disk 180*1.6*22,pcs,10,240,2400,8555,techni
cuting disc 230*2*22,pcs,5,240,1200,8555,techni
cutting disk 180*1.6*22,pcs,5,240,1200,8558,techni
Epoxy,pcs,2,608,1216,8558,techni
Greas Nipple,pcs,2,521,1042,8558,techni
Square bar 30*30*6,pcs,3,25652,76956,8559,techni
Square bar10*10*6,pcs,1,4956,4956,8559,techni
Round bar #25,pcs,1,10000,10000,8559,techni
Sewing theared,pcs,75,400,30000,8560,produc
Lather vglove,pcs,32,430,13760,8560,produc
Cable lag #35,pcs,6,600,3600,8561,techni
socket,pcs,1,243,243,8561,techni
Contactor 32A,pcs,1,4200,4200,8561,techni
Cable lag #25,pcs,3,600,1800,8561,techni
Sewing theared,pcs,50,400,20000,8567,produc
Hammer 6kg,pcs,2,5652,11304,8567,produc
plastic broom,pcs,2,173,346,8567,produc
Mop,pcs,1,173,173,8567,produc
Capaciter,pcs,2,1000,2000,8568,techni
Contactor 40A,pcs,1,5300,5300,8568,techni
Limite swich,pcs,1,4500,4500,8568,techni
